,Movie Name,Year of Release,Watch Time,Movie Rating,Metascore of movie,Votes,Gross
0,The Shawshank Redemption,(1994),142 min,9.3,82        ,"2,802,907",$28.34M
1,The Godfather,(1972),175 min,9.2,100        ,"1,953,048",$134.97M
2,The Dark Knight,(2008),152 min,9.0,84        ,"2,784,581",$534.86M
3,Schindler's List,(1993),195 min,9.0,95        ,"1,409,161",$96.90M
4,12 Angry Men,(1957),96 min,9.0,97        ,"833,628",$4.36M
5,The Lord of the Rings: The Return of the King,(2003),201 min,9.0,94        ,"1,918,931",$377.85M
6,The Godfather Part II,(1974),202 min,9.0,90        ,"1,326,359",$57.30M
7,Pulp Fiction,(1994),154 min,8.9,95        ,"2,149,913",$107.93M
8,Fight Club,(1999),139 min,8.8,67        ,"2,237,111",$37.03M
9,Inception,(2010),148 min,8.8,74        ,"2,471,745",$292.58M
10,The Lord of the Rings: The Fellowship of the Ring,(2001),178 min,8.8,92        ,"1,947,114",$315.54M
11,Forrest Gump,(1994),142 min,8.8,82        ,"2,181,551",$330.25M
12,The Lord of the Rings: The Two Towers,(2002),179 min,8.8,87        ,"1,731,612",$342.55M
13,"Il buono, il brutto, il cattivo",(1966),161 min,8.8,90        ,"790,305",$6.10M
14,Jai Bhim,(2021),164 min,8.8,****,"210,686",#220
15,777 Charlie,(2022),164 min,8.8,****,"36,841",%^%^%^
16,Spider-Man: Across the Spider-Verse,(2023),140 min,8.7,86        ,"267,690",#19
17,Interstellar,(2014),169 min,8.7,74        ,"1,993,403",$188.02M
18,Goodfellas,(1990),145 min,8.7,92        ,"1,216,502",$46.84M
19,The Matrix,(1999),136 min,8.7,73        ,"1,993,003",$171.48M
20,One Flew Over the Cuckoo's Nest,(1975),133 min,8.7,84        ,"1,044,718",$112.00M
21,Star Wars: Episode V - The Empire Strikes Back,(1980),124 min,8.7,82        ,"1,343,556",$290.48M
22,Rocketry: The Nambi Effect,(2022),157 min,8.7,****,"55,546",%^%^%^
23,Soorarai Pottru,(2020),153 min,8.7,****,"120,958",%^%^%^
24,Oppenheimer,(2023),180 min,8.6,88        ,"447,648",#43
25,Se7en,(1995),127 min,8.6,65        ,"1,736,216",$100.13M
26,The Silence of the Lambs,(1991),118 min,8.6,86        ,"1,495,968",$130.74M
27,Star Wars,(1977),121 min,8.6,90        ,"1,415,121",$322.74M
28,Saving Private Ryan,(1998),169 min,8.6,91        ,"1,451,838",$216.54M
29,The Green Mile,(1999),189 min,8.6,61        ,"1,362,568",$136.80M
30,Terminator 2: Judgment Day,(1991),137 min,8.6,75        ,"1,143,058",$204.84M
31,Sen to Chihiro no kamikakushi,(2001),125 min,8.6,96        ,"811,194",$10.06M
32,Cidade de Deus,(2002),130 min,8.6,79        ,"782,384",$7.56M
33,La vita è bella,(1997),116 min,8.6,59        ,"723,402",$57.60M
34,It's a Wonderful Life,(1946),130 min,8.6,89        ,"479,517",#21
35,Shichinin no samurai,(1954),207 min,8.6,98        ,"358,392",$0.27M
36,Seppuku,(1962),133 min,8.6,85        ,"63,955",#46
37,Sita Ramam,(2022),163 min,8.6,****,"63,161",%^%^%^
38,Gladiator,(2000),155 min,8.5,67        ,"1,565,014",$187.71M
39,Alien,(1979),117 min,8.5,89        ,"920,471",$78.90M
40,Gisaengchung,(2019),132 min,8.5,96        ,"890,466",$53.37M
41,The Departed,(2006),151 min,8.5,85        ,"1,381,690",$132.38M
42,The Prestige,(2006),130 min,8.5,66        ,"1,398,360",$53.09M
43,Whiplash,(2014),106 min,8.5,89        ,"933,826",$13.09M
44,Back to the Future,(1985),116 min,8.5,87        ,"1,265,167",$210.61M
45,Léon,(1994),110 min,8.5,64        ,"1,210,601",$19.50M
46,Django Unchained,(2012),165 min,8.5,81        ,"1,637,159",$162.81M
47,The Lion King,(1994),88 min,8.5,88        ,"1,107,094",$422.78M
48,The Usual Suspects,(1995),106 min,8.5,77        ,"1,119,984",$23.34M
49,American History X,(1998),119 min,8.5,62        ,"1,159,621",$6.72M
50,Psycho,(1960),109 min,8.5,97        ,"699,545",$32.00M
51,The Pianist,(2002),150 min,8.5,85        ,"879,221",$32.57M
52,Casablanca,(1942),102 min,8.5,100        ,"592,428",$1.02M
53,The Intouchables,(2011),112 min,8.5,57        ,"899,247",$13.18M
54,Hotaru no haka,(1988),89 min,8.5,94        ,"296,212",#45
55,Once Upon a Time in the West,(1968),165 min,8.5,82        ,"341,947",$5.32M
56,Rear Window,(1954),112 min,8.5,100        ,"509,530",$36.76M
57,Nuovo Cinema Paradiso,(1988),155 min,8.5,80        ,"274,197",$11.99M
58,96,(II) (2018),158 min,8.5,****,"34,278",%^%^%^
59,Modern Times,(1936),87 min,8.5,96        ,"252,782",$0.16M
60,City Lights,(1931),87 min,8.5,99        ,"191,585",$0.02M
61,Joker,(I) (2019),122 min,8.4,59        ,"1,404,747",$335.45M
62,The Dark Knight Rises,(2012),164 min,8.4,78        ,"1,778,307",$448.14M
63,The Shining,(1980),146 min,8.4,66        ,"1,071,016",$44.02M
64,Avengers: Endgame,(2019),181 min,8.4,78        ,"1,216,367",$858.37M
65,Oldeuboi,(2003),120 min,8.4,78        ,"611,845",$0.71M
66,Spider-Man: Into the Spider-Verse,(2018),117 min,8.4,87        ,"631,509",$190.24M
67,Raiders of the Lost Ark,(1981),115 min,8.4,86        ,"1,014,197",$248.16M
68,Amadeus,(1984),160 min,8.4,87        ,"417,490",$51.97M
69,Aliens,(1986),137 min,8.4,84        ,"743,953",$85.16M
70,Memento,(2000),113 min,8.4,83        ,"1,288,642",$25.54M
71,Coco,(I) (2017),105 min,8.4,81        ,"555,998",$209.73M
72,Apocalypse Now,(1979),147 min,8.4,94        ,"692,641",$83.47M
73,Idi i smotri,(1985),142 min,8.4,****,"90,229",#91
74,Avengers: Infinity War,(2018),149 min,8.4,68        ,"1,157,200",$678.82M
75,Kimi no na wa.,(2016),106 min,8.4,81        ,"299,752",$5.02M
76,3 Idiots,(2009),170 min,8.4,67        ,"418,869",$6.53M
77,The Lives of Others,(2006),137 min,8.4,89        ,"401,725",$11.29M
78,WALL·E,(2008),98 min,8.4,95        ,"1,165,509",$223.81M
79,Dr. Strangelove or: How I Learned to Stop Worrying and Love the Bomb,(1964),95 min,8.4,97        ,"507,141",$0.28M
80,Capharnaüm,(2018),126 min,8.4,75        ,"99,380",$1.66M
81,Das Boot,(1981),149 min,8.4,86        ,"259,061",$11.49M
82,Sunset Blvd.,(1950),110 min,8.4,94        ,"230,674",#61
83,The Great Dictator,(1940),125 min,8.4,****,"232,227",$0.29M
84,Paths of Glory,(1957),88 min,8.4,90        ,"206,389",#62
85,Witness for the Prosecution,(1957),116 min,8.4,76        ,"132,650",$8.18M
86,Tengoku to jigoku,(1963),143 min,8.4,90        ,"49,855",#86
87,Kaithi,(2019),145 min,8.4,****,"37,871",%^%^%^
88,Sardar Udham,(2021),164 min,8.4,****,"45,281",%^%^%^
89,Drishyam 2,(2021),152 min,8.4,****,"39,732",%^%^%^
90,Asuran,(2019),141 min,8.4,****,"32,081",%^%^%^
91,Inglourious Basterds,(2009),153 min,8.3,69        ,"1,527,300",$120.54M
92,Top Gun: Maverick,(2022),130 min,8.3,78        ,"632,061",$718.73M
93,Judgment at Nuremberg,(1961),179 min,8.3,60        ,"81,972",#136
94,Heat,(1995),170 min,8.3,76        ,"694,017",$67.44M
95,American Beauty,(1999),122 min,8.3,84        ,"1,186,993",$130.10M
96,Requiem for a Dream,(2000),102 min,8.3,71        ,"875,921",$3.64M
97,Good Will Hunting,(1997),126 min,8.3,70        ,"1,024,219",$138.43M
98,2001: A Space Odyssey,(1968),149 min,8.3,84        ,"699,177",$56.95M
99,A Clockwork Orange,(1971),136 min,8.3,77        ,"860,715",$6.21M
100,Scarface,(1983),170 min,8.3,65        ,"885,900",$45.60M
101,Eternal Sunshine of the Spotless Mind,(2004),108 min,8.3,89        ,"1,047,549",$34.40M
102,Braveheart,(1995),178 min,8.3,68        ,"1,069,313",$75.60M
103,Jagten,(2012),115 min,8.3,77        ,"350,334",$0.69M
104,Reservoir Dogs,(1992),99 min,8.3,81        ,"1,060,489",$2.83M
105,Full Metal Jacket,(1987),116 min,8.3,78        ,"770,954",$46.36M
106,Hamilton,(2020),160 min,8.3,89        ,"106,304",#111
107,Once Upon a Time in America,(1984),229 min,8.3,75        ,"367,181",$5.32M
108,Up,(2009),96 min,8.3,88        ,"1,091,649",$293.00M
109,Toy Story,(1995),81 min,8.3,96        ,"1,038,542",$191.80M
110,Star Wars: Episode VI - Return of the Jedi,(1983),131 min,8.3,58        ,"1,094,520",$309.13M
111,Incendies,(2010),131 min,8.3,80        ,"189,500",$6.86M
112,Le fabuleux destin d'Amélie Poulain,(2001),122 min,8.3,69        ,"778,808",$33.23M
113,Mononoke-hime,(1997),134 min,8.3,76        ,"416,332",$2.38M
114,Vikram,(2022),175 min,8.3,****,"66,971",%^%^%^
115,Vertigo,(1958),128 min,8.3,100        ,"416,977",$3.20M
116,Toy Story 3,(2010),103 min,8.3,92        ,"870,485",$415.00M
117,To Kill a Mockingbird,(1962),129 min,8.3,88        ,"326,456",#113
118,The Apartment,(1960),125 min,8.3,94        ,"190,414",$18.60M
119,Citizen Kane,(1941),119 min,8.3,100        ,"456,663",$1.59M
120,Metropolis,(1927),153 min,8.3,98        ,"181,001",$1.24M
121,Lawrence of Arabia,(1962),218 min,8.3,100        ,"305,998",$44.82M
122,Singin' in the Rain,(1952),103 min,8.3,99        ,"253,528",$8.82M
123,North by Northwest,(1959),136 min,8.3,98        ,"338,956",$13.28M
124,Dangal,(2016),161 min,8.3,****,"202,083",$12.39M
125,M - Eine Stadt sucht einen Mörder,(1931),117 min,8.3,****,"164,402",$0.03M
126,The Sting,(1973),129 min,8.3,83        ,"273,089",$159.60M
127,Jodaeiye Nader az Simin,(2011),123 min,8.3,95        ,"253,065",$7.10M
128,Double Indemnity,(1944),107 min,8.3,95        ,"163,430",$5.72M
129,Ikiru,(1952),143 min,8.3,92        ,"84,087",$0.06M
130,Taare Zameen Par,(2007),165 min,8.3,****,"201,753",$1.22M
131,K.G.F: Chapter 2,(2022),168 min,8.3,****,"143,007",$6.60M
132,Ladri di biciclette,(1948),89 min,8.3,****,"170,543",$0.33M
133,Ratsasan,(2018),170 min,8.3,****,"48,306",%^%^%^
134,Chhichhore,(2019),143 min,8.3,****,"60,004",$2.00M
135,Ayla: The Daughter of War,(2017),125 min,8.3,****,"42,448",%^%^%^
136,Kantara,(2022),148 min,8.3,****,"98,276",%^%^%^
137,Shershaah,(2021),135 min,8.3,****,"126,620",%^%^%^
138,Drishyam,(2013),160 min,8.3,****,"43,112",%^%^%^
139,The Wolf of Wall Street,(2013),180 min,8.2,75        ,"1,511,244",$116.90M
140,Batman Begins,(2005),140 min,8.2,70        ,"1,536,296",$206.85M
141,Spider-Man: No Way Home,(2021),148 min,8.2,71        ,"832,949",$804.75M
142,No Country for Old Men,(2007),122 min,8.2,92        ,"1,024,211",$74.28M
143,Jurassic Park,(1993),127 min,8.2,68        ,"1,035,913",$402.45M
144,Taxi Driver,(1976),114 min,8.2,94        ,"886,631",$28.26M
145,Shutter Island,(2010),138 min,8.2,63        ,"1,397,818",$128.01M
146,There Will Be Blood,(2007),158 min,8.2,93        ,"619,751",$40.22M
147,The Thing,(1982),109 min,8.2,57        ,"448,043",$13.78M
148,Snatch,(2000),104 min,8.2,55        ,"887,294",$30.33M
149,The Truman Show,(1998),103 min,8.2,90        ,"1,148,069",$125.62M
150,Kill Bill: Vol. 1,(2003),111 min,8.2,69        ,"1,160,125",$70.10M
151,Casino,(1995),178 min,8.2,73        ,"545,992",$42.44M
152,Hauru no ugoku shiro,(2004),119 min,8.2,82        ,"425,073",$4.71M
153,V for Vendetta,(2005),132 min,8.2,62        ,"1,155,232",$70.51M
154,The Sixth Sense,(1999),107 min,8.2,64        ,"1,025,361",$293.51M
155,1917,(2019),119 min,8.2,78        ,"643,072",$159.23M
156,Indiana Jones and the Last Crusade,(1989),127 min,8.2,65        ,"792,550",$197.17M
157,Green Book,(2018),130 min,8.2,69        ,"536,321",$85.08M
158,Die Hard,(1988),132 min,8.2,72        ,"913,360",$83.01M
159,Pan's Labyrinth,(2006),118 min,8.2,98        ,"689,266",$37.63M
160,L.A. Confidential,(1997),138 min,8.2,91        ,"601,817",$64.62M
161,Finding Nemo,(2003),100 min,8.2,90        ,"1,084,639",$380.84M
162,A Beautiful Mind,(2001),135 min,8.2,72        ,"963,792",$170.74M
163,Der Untergang,(2004),156 min,8.2,82        ,"367,274",$5.51M
164,Unforgiven,(1992),130 min,8.2,85        ,"426,693",$101.16M
165,Chinatown,(1974),130 min,8.2,92        ,"340,371",#157
166,The Father,(I) (2020),97 min,8.2,88        ,"177,819",#133
167,Gone with the Wind,(1939),238 min,8.2,97        ,"326,862",$198.68M
168,The Great Escape,(1963),172 min,8.2,86        ,"253,117",$12.10M
169,El secreto de sus ojos,(2009),129 min,8.2,80        ,"217,289",$6.39M
170,Monty Python and the Holy Grail,(1975),91 min,8.2,91        ,"558,860",$1.23M
171,Some Like It Hot,(1959),121 min,8.2,98        ,"277,187",$25.00M
172,The Elephant Man,(1980),124 min,8.2,78        ,"252,142",#156
173,Ran,(1985),162 min,8.2,97        ,"132,079",$4.14M
174,Tumbbad,(2018),104 min,8.2,****,"55,342",%^%^%^
175,Per qualche dollaro in più,(1965),132 min,8.2,74        ,"267,439",$15.00M
176,Gangs of Wasseypur,(2012),321 min,8.2,89        ,"100,949",%^%^%^
177,Drishyam 2,(2022),140 min,8.2,****,"40,474",%^%^%^
178,Dial M for Murder,(1954),105 min,8.2,75        ,"183,857",$0.01M
179,Rashômon,(1950),88 min,8.2,98        ,"175,722",$0.10M
180,Andhadhun,(2018),139 min,8.2,****,"99,100",$1.37M
181,All About Eve,(1950),138 min,8.2,98        ,"135,917",$0.01M
182,Kimetsu no Yaiba: Mugen Ressha-Hen,(2020),117 min,8.2,72        ,"68,079",$47.70M
183,Drishyam,(2015),163 min,8.2,****,"90,863",$0.74M
184,Klaus,(2019),96 min,8.2,65        ,"171,957",#177
185,Miracle in Cell No. 7,(2019),132 min,8.2,****,"53,187",%^%^%^
186,"Swades: We, the People",(2004),210 min,8.2,****,"95,340",$1.22M
187,Yôjinbô,(1961),110 min,8.2,93        ,"128,046",#148
188,Zindagi Na Milegi Dobara,(2011),155 min,8.2,****,"83,207",$3.11M
189,The Treasure of the Sierra Madre,(1948),126 min,8.2,98        ,"129,827",$5.01M
190,Le salaire de la peur,(1953),131 min,8.2,85        ,"64,470",#195
191,Pather Panchali,(1955),125 min,8.2,****,"36,373",$0.54M
192,Bacheha-Ye aseman,(1997),89 min,8.2,77        ,"78,331",$0.93M
193,The Kid,(1921),68 min,8.2,****,"131,591",$5.45M
194,To Be or Not to Be,(1942),99 min,8.2,86        ,"40,947",#231
195,Baahubali 2: The Conclusion,(2017),167 min,8.2,****,"109,511",$20.19M
196,Vikram Vedha,(2017),147 min,8.2,****,"48,922",%^%^%^
197,K.G.F: Chapter 1,(2018),156 min,8.2,****,"94,061",%^%^%^
198,Z,(1969),127 min,8.2,86        ,"30,553",$0.08M
199,Babam ve Oglum,(2005),112 min,8.2,****,"89,714",#236
200,Sherlock Jr.,(1924),45 min,8.2,****,"54,228",$0.98M
201,Dersu Uzala,(1975),142 min,8.2,****,"32,510",%^%^%^
202,Uri: The Surgical Strike,(2019),138 min,8.2,****,"69,209",$4.19M
203,Umberto D.,(1952),89 min,8.2,92        ,"27,355",$0.07M
204,Bhaag Milkha Bhaag,(2013),186 min,8.2,****,"70,731",$1.63M
205,Rangasthalam,(2018),170 min,8.2,****,"26,674",$3.51M
206,Paan Singh Tomar,(2012),135 min,8.2,****,"37,377",$0.04M
207,Past Lives,(2023),105 min,8.1,94        ,"27,073",%^%^%^
208,The Exorcist,(1973),122 min,8.1,82        ,"433,084",$232.91M
209,Stand by Me,(1986),89 min,8.1,75        ,"427,339",$52.29M
210,Prisoners,(2013),153 min,8.1,70        ,"771,863",$61.00M
211,Gone Girl,(2014),149 min,8.1,79        ,"1,031,190",$167.77M
212,Mad Max: Fury Road,(2015),120 min,8.1,90        ,"1,049,781",$154.06M
213,The Deer Hunter,(1978),183 min,8.1,86        ,"352,619",$48.98M
214,Pirates of the Caribbean: The Curse of the Black Pearl,(2003),143 min,8.1,63        ,"1,175,660",$305.41M
215,Jaws,(1975),124 min,8.1,87        ,"640,801",$260.00M
216,Hacksaw Ridge,(2016),139 min,8.1,71        ,"568,400",$67.21M
217,Blade Runner,(1982),117 min,8.1,84        ,"801,236",$32.87M
218,The Grand Budapest Hotel,(2014),99 min,8.1,88        ,"859,086",$59.10M
219,Harry Potter and the Deathly Hallows - Part 2,(2011),130 min,8.1,85        ,"918,467",$381.01M
220,Into the Wild,(2007),148 min,8.1,73        ,"643,643",$18.35M
221,The Big Lebowski,(1998),117 min,8.1,71        ,"839,195",$17.50M
222,Ratatouille,(2007),111 min,8.1,96        ,"789,230",$206.45M
223,The Help,(2011),146 min,8.1,62        ,"480,097",$169.71M
224,Catch Me If You Can,(2002),141 min,8.1,75        ,"1,049,846",$164.62M
225,Fargo,(1996),98 min,8.1,86        ,"703,634",$24.61M
226,Ford v Ferrari,(2019),152 min,8.1,81        ,"437,860",$117.62M
227,The Terminator,(1984),107 min,8.1,84        ,"900,981",$38.40M
228,Dead Poets Society,(1989),128 min,8.1,79        ,"522,781",$95.86M
229,Ah-ga-ssi,(2016),145 min,8.1,85        ,"163,096",$2.01M
230,Inside Out,(I) (2015),95 min,8.1,94        ,"754,984",$356.46M
231,The Wizard of Oz,(1939),102 min,8.1,92        ,"417,090",$2.08M
232,Trainspotting,(1996),93 min,8.1,83        ,"710,187",$16.50M
233,Rush,(I) (2013),123 min,8.1,74        ,"500,001",$26.95M
234,Salinui chueok,(2003),131 min,8.1,82        ,"203,666",$0.01M
235,The Sound of Music,(1965),172 min,8.1,63        ,"249,662",$163.21M
236,"Three Billboards Outside Ebbing, Missouri",(2017),115 min,8.1,88        ,"536,806",$54.51M
237,Room,(I) (2015),118 min,8.1,86        ,"438,814",$14.68M
238,"Monsters, Inc.",(2001),92 min,8.1,79        ,"950,481",$289.92M
239,Logan,(2017),137 min,8.1,77        ,"804,764",$226.28M
240,Rocky,(1976),120 min,8.1,70        ,"610,500",$117.24M
241,Spotlight,(I) (2015),129 min,8.1,93        ,"489,871",$45.06M
242,"Lock, Stock and Two Smoking Barrels",(1998),107 min,8.1,66        ,"603,114",$3.90M
243,Platoon,(1986),120 min,8.1,92        ,"428,913",$138.53M
244,Before Sunrise,(1995),101 min,8.1,77        ,"328,040",$5.54M
245,Portrait de la jeune fille en feu,(2019),122 min,8.1,95        ,"102,827",$3.76M
246,Warrior,(2011),140 min,8.1,71        ,"487,952",$13.66M
247,How to Train Your Dragon,(2010),98 min,8.1,75        ,"776,451",$217.58M
248,Fa yeung nin wah,(2000),98 min,8.1,87        ,"160,641",$2.73M
249,12 Years a Slave,(2013),134 min,8.1,96        ,"725,597",$56.67M
250,The Man Who Shot Liberty Valance,(1962),123 min,8.1,94        ,"80,202",%^%^%^
251,La haine,(1995),98 min,8.1,****,"187,554",$0.31M
252,Raging Bull,(1980),129 min,8.1,90        ,"369,543",$23.38M
253,Gran Torino,(2008),116 min,8.1,72        ,"798,972",$148.10M
254,Barry Lyndon,(1975),185 min,8.1,89        ,"177,289",#187
255,Stalker,(1979),162 min,8.1,85        ,"140,577",$0.23M
256,Tonari no Totoro,(1988),86 min,8.1,86        ,"362,206",$1.11M
257,"Paris, Texas",(1984),145 min,8.1,81        ,"113,394",$2.18M
258,Relatos salvajes,(2014),122 min,8.1,77        ,"209,717",$3.11M
259,Million Dollar Baby,(2004),132 min,8.1,86        ,"707,970",$100.49M
260,The Iron Giant,(1999),86 min,8.1,85        ,"216,499",$23.16M
261,Network,(1976),121 min,8.1,83        ,"165,921",#222
262,Det sjunde inseglet,(1957),96 min,8.1,88        ,"193,336",#206
263,Amores perros,(2000),154 min,8.1,83        ,"248,560",$5.38M
264,Hachi: A Dog's Tale,(2009),93 min,8.1,****,"301,132",#232
265,Ben-Hur,(1959),212 min,8.1,90        ,"248,109",$74.70M
266,Before Sunset,(2004),80 min,8.1,91        ,"279,575",$5.82M
267,Cool Hand Luke,(1967),127 min,8.1,92        ,"184,759",$16.22M
268,The Third Man,(1949),104 min,8.1,97        ,"177,863",$0.45M
269,In the Name of the Father,(1993),133 min,8.1,84        ,"182,740",$25.01M
270,The Bridge on the River Kwai,(1957),161 min,8.1,87        ,"228,688",$44.91M
271,Rebecca,(1940),130 min,8.1,86        ,"143,122",$4.36M
272,Persona,(1966),85 min,8.1,86        ,"126,815",#247
273,Koe no katachi,(2016),130 min,8.1,78        ,"93,987",%^%^%^
274,On the Waterfront,(1954),108 min,8.1,91        ,"160,863",$9.60M
275,Hotel Rwanda,(2004),121 min,8.1,79        ,"365,910",$23.53M
276,"Shin seiki Evangelion Gekijô-ban: Air/Magokoro wo, kimi ni",(1997),87 min,8.1,****,"60,650",%^%^%^
277,PK,(2014),153 min,8.1,****,"195,980",$10.62M
278,Tôkyô monogatari,(1953),136 min,8.1,100        ,"65,871",#210
279,It Happened One Night,(1934),105 min,8.1,87        ,"109,122",$4.36M
280,Paper Moon,(1973),102 min,8.1,77        ,"50,805",$30.93M
281,Festen,(1998),105 min,8.1,82        ,"91,438",$1.65M
282,Ba wang bie ji,(1992),171 min,8.1,84        ,"31,676",$5.22M
283,The Grapes of Wrath,(1940),129 min,8.1,96        ,"97,725",$0.06M
284,Les quatre cents coups,(1959),99 min,8.1,****,"124,482",#246
285,The Best Years of Our Lives,(1946),170 min,8.1,93        ,"68,438",$23.65M
286,Fanny och Alexander,(1982),188 min,8.1,100        ,"66,102",$4.97M
287,The Red Shoes,(1948),135 min,8.1,****,"37,641",$10.90M
288,Mary and Max.,(2009),92 min,8.1,****,"183,234",#205
289,Bajrangi Bhaijaan,(2015),163 min,8.1,****,"94,023",$8.18M
290,OMG: Oh My God!,(2012),125 min,8.1,****,"62,973",$0.92M
291,All Quiet on the Western Front,(1930),152 min,8.1,91        ,"66,259",$3.27M
292,Smultronstället,(1957),91 min,8.1,88        ,"112,016",#194
293,A Woman Under the Influence,(1974),155 min,8.1,88        ,"27,550",$13.34M
294,Underground,(1995),170 min,8.1,79        ,"60,143",$0.17M
295,Trois couleurs: Rouge,(1994),99 min,8.1,100        ,"107,690",$4.04M
296,Andrei Rublev,(1966),205 min,8.1,****,"55,885",$0.10M
297,The Message,(1976),177 min,8.1,****,"49,702",%^%^%^
298,Yi yi,(2000),173 min,8.1,94        ,"27,104",$1.14M
299,La battaglia di Algeri,(1966),121 min,8.1,96        ,"63,700",$0.06M
300,Inherit the Wind,(1960),128 min,8.1,75        ,"31,970",%^%^%^
301,Munna Bhai M.B.B.S.,(2003),156 min,8.1,****,"85,932",%^%^%^
302,The General,(1926),78 min,8.1,****,"95,675",$1.03M
303,Lagaan: Once Upon a Time in India,(2001),224 min,8.1,84        ,"118,290",$0.91M
304,Kakushi-toride no san-akunin,(1958),139 min,8.1,89        ,"41,127",%^%^%^
305,La passion de Jeanne d'Arc,(1928),110 min,8.1,98        ,"58,629",$0.02M
306,Les diaboliques,(1955),117 min,8.1,****,"68,090",$1.09M
307,Kis Uykusu,(2014),196 min,8.1,88        ,"53,990",$0.17M
308,Mr. Smith Goes to Washington,(1939),129 min,8.1,73        ,"119,129",$9.60M
309,Le notti di Cabiria,(1957),110 min,8.1,****,"51,031",$0.75M
310,Barfi!,(2012),151 min,8.1,****,"84,982",$2.80M
311,Höstsonaten,(1978),99 min,8.1,****,"36,650",%^%^%^
312,Jungfrukällan,(1960),89 min,8.1,****,"30,860",$1.53M
313,Dom za vesanje,(1988),142 min,8.1,****,"32,060",$0.28M
314,Kumonosu-jô,(1957),110 min,8.1,****,"54,584",%^%^%^
315,A Wednesday,(2008),104 min,8.1,****,"80,935",%^%^%^
316,Dil Chahta Hai,(2001),183 min,8.1,****,"74,567",$0.30M
317,Masaan,(2015),109 min,8.1,****,"29,896",%^%^%^
318,The Gold Rush,(1925),95 min,8.1,****,"115,835",$5.45M
319,Sunrise: A Song of Two Humans,(1927),94 min,8.1,95        ,"52,906",$0.54M
320,Article 15,(2019),130 min,8.1,****,"35,773",%^%^%^
321,Da hong denglong gaogao gua,(1991),125 min,8.1,****,"34,453",$2.60M
322,Rang De Basanti,(2006),167 min,8.1,****,"121,263",$2.20M
323,Ace in the Hole,(1951),111 min,8.1,72        ,"38,187",$3.97M
324,Talvar,(2015),132 min,8.1,****,"37,051",$0.34M
325,White Heat,(1949),114 min,8.1,89        ,"34,837",%^%^%^
326,Jean de Florette,(1986),120 min,8.1,****,"26,964",$4.94M
327,Du rififi chez les hommes,(1955),118 min,8.1,97        ,"36,069",$0.06M
328,Chak De! India,(2007),153 min,8.1,68        ,"83,267",$1.11M
329,La Grande Illusion,(1937),113 min,8.1,****,"38,112",$0.17M
330,Ôkami kodomo no Ame to Yuki,(2012),117 min,8.1,71        ,"47,799",%^%^%^
331,Mandariinid,(2013),87 min,8.1,73        ,"48,022",$0.14M
332,Sholay,(1975),204 min,8.1,****,"57,755",%^%^%^
333,Viridiana,(1961),91 min,8.1,****,"25,561",%^%^%^
334,Kahaani,(2012),122 min,8.1,****,"64,611",$1.04M
335,Queen,(2013),146 min,8.1,****,"67,543",$1.43M
336,Eskiya,(1996),128 min,8.1,****,"71,341",%^%^%^
337,Hera Pheri,(2000),156 min,8.1,****,"70,665",%^%^%^
338,Udaan,(2010),134 min,8.1,****,"46,314",$0.01M
339,The Circus,(1928),72 min,8.1,90        ,"35,292",%^%^%^
340,Pink,(III) (2016),136 min,8.1,****,"47,058",$1.24M
341,Black,(2005),122 min,8.1,****,"35,647",$0.73M
342,Sarfarosh,(1999),174 min,8.1,****,"26,469",%^%^%^
343,Her Sey Çok Güzel Olacak,(1998),107 min,8.1,****,"26,781",%^%^%^
344,Anand,(1971),122 min,8.1,****,"34,767",%^%^%^
345,Dune: Part One,(2021),155 min,8.0,74        ,"717,418",$108.33M
346,Blade Runner 2049,(2017),164 min,8.0,81        ,"625,041",$92.05M
347,Sin City,(2005),124 min,8.0,74        ,"784,690",$74.10M
348,Black Swan,(2010),108 min,8.0,79        ,"800,878",$106.95M
349,The Princess Bride,(1987),98 min,8.0,77        ,"441,131",$30.86M
350,Guardians of the Galaxy,(2014),121 min,8.0,76        ,"1,244,923",$333.18M
351,La La Land,(2016),128 min,8.0,94        ,"635,728",$151.10M
352,Donnie Darko,(2001),113 min,8.0,88        ,"830,606",$1.48M
353,The Revenant,(I) (2015),156 min,8.0,76        ,"845,126",$183.64M
354,Her,(2013),126 min,8.0,91        ,"648,143",$25.57M
355,Deadpool,(2016),108 min,8.0,65        ,"1,089,297",$363.07M
356,The Last Picture Show,(1971),118 min,8.0,93        ,"51,011",$29.13M
357,The Martian,(2015),144 min,8.0,80        ,"895,558",$228.43M
358,The Imitation Game,(2014),114 min,8.0,71        ,"803,793",$91.13M
359,Zootopia,(2016),108 min,8.0,78        ,"527,544",$341.27M
360,The Avengers,(2012),143 min,8.0,69        ,"1,434,110",$623.28M
361,CODA,(2021),111 min,8.0,72        ,"153,270",%^%^%^
362,Rosemary's Baby,(1968),137 min,8.0,96        ,"227,423",%^%^%^
363,Casino Royale,(2006),144 min,8.0,80        ,"679,528",$167.45M
364,The Night of the Hunter,(1955),92 min,8.0,97        ,"94,373",$0.65M
365,The Incredibles,(2004),115 min,8.0,90        ,"780,046",$261.44M
366,Blood Diamond,(2006),143 min,8.0,64        ,"572,303",$57.37M
367,Soul,(2020),100 min,8.0,83        ,"357,914",%^%^%^
368,Young Frankenstein,(1974),106 min,8.0,83        ,"165,043",$86.30M
369,Magnolia,(1999),188 min,8.0,78        ,"322,875",$22.46M
370,Rain Man,(1988),133 min,8.0,65        ,"534,142",$178.80M
371,Scent of a Woman,(1992),156 min,8.0,59        ,"317,786",$63.90M
372,Lion,(2016),118 min,8.0,69        ,"245,570",$51.74M
373,Dances with Wolves,(1990),181 min,8.0,72        ,"281,881",$184.21M
374,Twelve Monkeys,(1995),129 min,8.0,74        ,"635,640",$57.14M
375,Aladdin,(1992),90 min,8.0,86        ,"449,123",$217.35M
376,The Graduate,(1967),106 min,8.0,83        ,"283,564",$104.95M
377,Groundhog Day,(1993),101 min,8.0,72        ,"663,013",$70.91M
378,JFK,(1991),189 min,8.0,72        ,"165,400",$70.41M
379,Beauty and the Beast,(1991),84 min,8.0,95        ,"470,526",$218.97M
380,Big Fish,(2003),125 min,8.0,58        ,"451,962",$66.26M
381,Kill Bill: Vol. 2,(2004),137 min,8.0,83        ,"785,555",$66.21M
382,Pâfekuto burû,(1997),81 min,8.0,67        ,"88,116",$0.78M
383,The Pursuit of Happyness,(2006),117 min,8.0,64        ,"542,958",$163.57M
384,Planet of the Apes,(1968),112 min,8.0,79        ,"187,849",$33.40M
385,Chung Hing sam lam,(1994),102 min,8.0,78        ,"90,910",$0.60M
386,Dogville,(2003),178 min,8.0,61        ,"155,174",$1.53M
387,The Bourne Ultimatum,(2007),115 min,8.0,85        ,"649,635",$227.47M
388,Contratiempo,(2016),106 min,8.0,****,"186,700",%^%^%^
389,Slumdog Millionaire,(2008),120 min,8.0,84        ,"865,596",$141.32M
390,Akira,(1988),124 min,8.0,67        ,"197,846",$0.55M
391,The King's Speech,(2010),118 min,8.0,88        ,"697,775",$138.80M
392,Sling Blade,(1996),135 min,8.0,84        ,"97,074",$24.48M
393,Dog Day Afternoon,(1975),125 min,8.0,86        ,"267,881",$50.00M
394,What Ever Happened to Baby Jane?,(1962),134 min,8.0,75        ,"59,880",$4.05M
395,Do the Right Thing,(1989),120 min,8.0,93        ,"108,955",$27.55M
396,Butch Cassidy and the Sundance Kid,(1969),110 min,8.0,66        ,"223,081",$102.31M
397,The Hustler,(1961),134 min,8.0,90        ,"85,187",$8.28M
398,Annie Hall,(1977),93 min,8.0,92        ,"272,992",$39.20M
399,Life of Brian,(1979),94 min,8.0,77        ,"414,803",$20.05M
400,Rio Bravo,(1959),141 min,8.0,93        ,"66,376",$12.54M
401,Papillon,(1973),151 min,8.0,58        ,"135,818",$53.27M
402,Ip Man,(2008),106 min,8.0,59        ,"230,586",%^%^%^
403,Solaris,(1972),167 min,8.0,93        ,"95,849",%^%^%^
404,Kaze no tani no Naushika,(1984),117 min,8.0,86        ,"176,879",$0.50M
405,Tenkuu no Shiro Laputa,(1986),125 min,8.0,78        ,"175,316",%^%^%^
406,Mommy,(I) (2014),139 min,8.0,74        ,"60,245",$3.49M
407,8½,(1963),138 min,8.0,93        ,"122,702",$0.05M
408,Roman Holiday,(1953),118 min,8.0,78        ,"144,404",%^%^%^
409,The Straight Story,(1999),112 min,8.0,86        ,"94,795",$6.20M
410,Fiddler on the Roof,(1971),181 min,8.0,67        ,"46,175",$80.50M
411,WolfWalkers,(2020),103 min,8.0,87        ,"36,590",%^%^%^
412,Gandhi,(1982),191 min,8.0,79        ,"237,608",$52.77M
413,Pink Floyd: The Wall,(1982),95 min,8.0,47        ,"83,862",$22.24M
414,Cinderella Man,(2005),144 min,8.0,69        ,"194,270",$61.65M
415,La dolce vita,(1960),174 min,8.0,95        ,"76,479",$19.52M
416,The Maltese Falcon,(1941),100 min,8.0,97        ,"163,884",$2.11M
417,High Noon,(1952),85 min,8.0,89        ,"108,209",$9.45M
418,Das Cabinet des Dr. Caligari,(1920),76 min,8.0,****,"67,780",%^%^%^
419,Zerkalo,(1975),107 min,8.0,82        ,"50,310",$0.18M
420,Mou gaan dou,(2002),101 min,8.0,75        ,"128,974",$0.17M
421,Touch of Evil,(1958),95 min,8.0,99        ,"107,905",$2.24M
422,Sweet Smell of Success,(1957),96 min,8.0,100        ,"34,582",%^%^%^
423,Secrets & Lies,(1996),136 min,8.0,92        ,"45,939",$13.42M
424,La leggenda del pianista sull'oceano,(1998),169 min,8.0,58        ,"67,647",$0.26M
425,Anatomy of a Murder,(1959),161 min,8.0,95        ,"69,409",$11.90M
426,Fitzcarraldo,(1982),158 min,8.0,****,"37,267",%^%^%^
427,Il gattopardo,(1963),186 min,8.0,100        ,"27,942",%^%^%^
428,Who's Afraid of Virginia Woolf?,(1966),131 min,8.0,75        ,"78,426",%^%^%^
429,Tropa de Elite,(2007),115 min,8.0,33        ,"107,937",$0.01M
430,Bãhubali: The Beginning,(2015),159 min,8.0,****,"132,265",$6.74M
431,Kaguya-hime no monogatari,(2013),137 min,8.0,89        ,"51,182",$1.51M
432,Le scaphandre et le papillon,(2007),112 min,8.0,92        ,"109,488",$5.99M
433,Song of the Sea,(2014),93 min,8.0,85        ,"61,627",$0.86M
434,Dare mo shiranai,(2004),141 min,8.0,88        ,"30,082",$0.68M
435,Yeopgijeogin geunyeo,(2001),137 min,8.0,****,"49,744",%^%^%^
436,Kind Hearts and Coronets,(1949),106 min,8.0,****,"38,898",%^%^%^
437,Le Samouraï,(1967),105 min,8.0,****,"54,788",$0.04M
438,Out of the Past,(1947),97 min,8.0,85        ,"39,678",%^%^%^
439,Brief Encounter,(1945),86 min,8.0,92        ,"42,772",%^%^%^
440,Mar adentro,(I) (2004),126 min,8.0,74        ,"84,083",$2.09M
441,Sleuth,(1972),138 min,8.0,****,"49,313",$4.08M
442,Persepolis,(2007),96 min,8.0,90        ,"98,191",$4.45M
443,Dilwale Dulhania Le Jayenge,(1995),189 min,8.0,****,"74,546",%^%^%^
444,Stalag 17,(1953),120 min,8.0,84        ,"57,592",%^%^%^
445,Viskningar och rop,(1972),91 min,8.0,****,"36,048",$1.74M
446,La strada,(1954),108 min,8.0,****,"65,501",%^%^%^
447,The Shop Around the Corner,(1940),99 min,8.0,96        ,"36,097",$0.20M
448,Haider,(2014),160 min,8.0,****,"56,604",$0.90M
449,"Quo vadis, Aida?",(2020),101 min,8.0,97        ,"36,797",%^%^%^
450,Bom yeoreum gaeul gyeoul geurigo bom,(2003),103 min,8.0,85        ,"85,503",$2.38M
451,Ahlat Agaci,(2018),188 min,8.0,86        ,"26,350",$0.03M
452,Au revoir les enfants,(1987),104 min,8.0,88        ,"35,444",$4.54M
453,El ángel exterminador,(1962),95 min,8.0,****,"34,708",%^%^%^
454,"Crna macka, beli macor",(1998),127 min,8.0,73        ,"55,544",$0.35M
455,Ivanovo detstvo,(1962),95 min,8.0,****,"38,761",%^%^%^
456,Okuribito,(2008),130 min,8.0,68        ,"54,038",$1.50M
457,Tropa de Elite 2: O Inimigo Agora é Outro,(2010),115 min,8.0,71        ,"85,446",$0.10M
458,Sanjuro,(1962),96 min,8.0,****,"40,104",%^%^%^
459,Central do Brasil,(1998),110 min,8.0,80        ,"41,379",$5.60M
460,Roma città aperta,(1945),103 min,8.0,****,"28,143",%^%^%^
461,Taegukgi hwinalrimyeo,(2004),140 min,8.0,64        ,"40,644",$1.11M
462,G.O.R.A.,(2004),127 min,8.0,****,"65,353",%^%^%^
463,Nattvardsgästerna,(1963),81 min,8.0,****,"26,374",%^%^%^
464,M.S. Dhoni: The Untold Story,(2016),184 min,8.0,****,"64,996",$1.78M
465,Special Chabbis,(2013),144 min,8.0,****,"58,062",$1.08M
466,Andaz Apna Apna,(1994),160 min,8.0,****,"54,602",%^%^%^
467,Nefes: Vatan Sagolsun,(2009),128 min,8.0,****,"34,661",%^%^%^
468,Lage Raho Munna Bhai,(2006),144 min,8.0,****,"48,672",$2.22M
469,Vizontele,(2001),110 min,8.0,****,"38,033",%^%^%^
470,Guardians of the Galaxy Vol. 3,(2023),150 min,7.9,64        ,"323,838",%^%^%^
471,Mission: Impossible - Dead Reckoning Part One,(2023),163 min,7.9,81        ,"140,166",%^%^%^
472,Titanic,(1997),194 min,7.9,75        ,"1,247,914",$659.33M
473,Knives Out,(2019),130 min,7.9,82        ,"741,798",$165.36M
474,Arrival,(II) (2016),116 min,7.9,81        ,"738,363",$100.55M
475,The Nightmare Before Christmas,(1993),76 min,7.9,82        ,"357,490",$75.08M
476,Almost Famous,(2000),122 min,7.9,90        ,"287,306",$32.53M
477,Boogie Nights,(1997),155 min,7.9,86        ,"276,175",$26.40M
478,Bohemian Rhapsody,(2018),134 min,7.9,49        ,"569,178",$216.43M
479,Edge of Tomorrow,(2014),113 min,7.9,71        ,"714,140",$100.21M
480,True Romance,(1993),119 min,7.9,59        ,"236,813",$12.28M
481,Harry Potter and the Prisoner of Azkaban,(2004),142 min,7.9,82        ,"667,852",$249.36M
482,Zack Snyder's Justice League,(2021),242 min,7.9,54        ,"424,587",%^%^%^
483,Mulholland Dr.,(2001),147 min,7.9,86        ,"373,222",$7.22M
484,Avatar,(2009),162 min,7.9,83        ,"1,361,554",$760.51M
485,Children of Men,(2006),109 min,7.9,84        ,"518,121",$35.55M
486,Star Trek,(2009),127 min,7.9,82        ,"614,416",$257.73M
487,Iron Man,(2008),126 min,7.9,79        ,"1,098,831",$318.41M
488,The Perks of Being a Wallflower,(2012),103 min,7.9,67        ,"535,186",$17.74M
489,E.T. the Extra-Terrestrial,(1982),115 min,7.9,92        ,"426,764",$435.11M
490,Jojo Rabbit,(2019),108 min,7.9,58        ,"422,150",$33.37M
491,Fantastic Mr. Fox,(2009),87 min,7.9,83        ,"256,886",$21.00M
492,Thor: Ragnarok,(2017),130 min,7.9,74        ,"792,995",$315.06M
493,Shaun of the Dead,(2004),99 min,7.9,76        ,"579,576",$13.54M
494,Shrek,(2001),90 min,7.9,84        ,"711,744",$267.67M
495,Mystic River,(2003),138 min,7.9,84        ,"473,665",$90.14M
496,Edward Scissorhands,(1990),105 min,7.9,74        ,"510,057",$56.36M
497,In Bruges,(2008),107 min,7.9,67        ,"451,060",$7.76M
498,The Blues Brothers,(1980),133 min,7.9,60        ,"208,710",$57.23M
499,Wonder,(I) (2017),113 min,7.9,66        ,"173,356",$132.42M
500,District 9,(2009),112 min,7.9,81        ,"703,156",$115.65M
501,Marriage Story,(2019),137 min,7.9,94        ,"332,848",$2.00M
502,Dallas Buyers Club,(2013),117 min,7.9,77        ,"507,763",$27.30M
503,In the Heat of the Night,(1967),110 min,7.9,76        ,"81,145",$24.38M
504,This Is Spinal Tap,(1984),82 min,7.9,92        ,"144,276",$4.74M
505,X-Men: Days of Future Past,(2014),132 min,7.9,75        ,"732,666",$233.92M
506,Carlito's Way,(1993),144 min,7.9,66        ,"227,533",$36.95M
507,Life of Pi,(2012),127 min,7.9,79        ,"653,288",$124.99M
508,Brazil,(1985),132 min,7.9,84        ,"207,445",$9.93M
509,Spartacus,(1960),197 min,7.9,87        ,"140,225",$30.00M
510,Nosferatu,(1922),94 min,7.9,****,"102,319",%^%^%^
511,The Wrestler,(2008),109 min,7.9,80        ,"315,505",$26.24M
512,Låt den rätte komma in,(2008),114 min,7.9,82        ,"223,118",$2.12M
513,Kôkaku kidôtai,(1995),83 min,7.9,76        ,"151,493",$0.52M
514,Boyhood,(I) (2014),165 min,7.9,100        ,"362,891",$25.38M
515,Toy Story 2,(1999),92 min,7.9,88        ,"605,119",$245.85M
516,The Ten Commandments,(1956),220 min,7.9,****,"75,138",$93.74M
517,Per un pugno di dollari,(1964),99 min,7.9,65        ,"226,801",$14.50M
518,Wo hu cang long,(2000),120 min,7.9,94        ,"277,739",$128.08M
519,Doctor Zhivago,(1965),197 min,7.9,69        ,"80,344",$111.72M
520,Before Midnight,(2013),109 min,7.9,94        ,"167,674",$8.11M
521,Once Were Warriors,(1994),102 min,7.9,77        ,"36,043",$2.20M
522,Bound by Honor,(1993),180 min,7.9,47        ,"33,159",$4.50M
523,Notorious,(1946),102 min,7.9,100        ,"104,983",$10.46M
524,Der Himmel über Berlin,(1987),128 min,7.9,79        ,"74,528",$3.33M
525,Sing Street,(2016),106 min,7.9,79        ,"98,536",$3.24M
526,A Streetcar Named Desire,(1951),122 min,7.9,97        ,"112,349",$8.00M
527,Ascenseur pour l'échafaud,(1958),91 min,7.9,94        ,"27,718",$0.11M
528,Serbuan maut 2: Berandal,(2014),150 min,7.9,71        ,"128,879",$2.63M
529,The Wild Bunch,(1969),145 min,7.9,98        ,"88,587",$12.06M
530,Charade,(1963),113 min,7.9,83        ,"82,682",$13.47M
531,Dancer in the Dark,(2000),140 min,7.9,63        ,"114,346",$4.18M
532,All the President's Men,(1976),138 min,7.9,84        ,"122,531",$70.60M
533,Harold and Maude,(1971),91 min,7.9,62        ,"80,403",%^%^%^
534,Being There,(1979),130 min,7.9,83        ,"75,871",$30.18M
535,Togo,(2019),113 min,7.9,69        ,"53,196",%^%^%^
536,Ying xiong,(2002),120 min,7.9,85        ,"185,607",$53.71M
537,The Killing,(1956),84 min,7.9,91        ,"94,749",%^%^%^
538,King Kong,(1933),100 min,7.9,92        ,"88,968",$10.00M
539,The Big Sleep,(1946),114 min,7.9,86        ,"88,846",$6.54M
540,My Name Is Khan,(2010),165 min,7.9,50        ,"112,690",$4.02M
541,A Christmas Story,(1983),93 min,7.9,77        ,"161,794",$20.61M
542,Manbiki kazoku,(2018),121 min,7.9,93        ,"82,652",$3.31M
543,Short Term 12,(2013),96 min,7.9,82        ,"90,425",$1.01M
544,The Manchurian Candidate,(1962),126 min,7.9,94        ,"78,183",%^%^%^
545,Strangers on a Train,(1951),101 min,7.9,88        ,"138,471",$7.63M
546,Patton,(1970),172 min,7.9,86        ,"106,137",$61.70M
547,The Artist,(I) (2011),100 min,7.9,89        ,"246,212",$44.67M
548,Rope,(1948),80 min,7.9,73        ,"149,877",%^%^%^
549,Trois couleurs: Bleu,(1993),94 min,7.9,87        ,"107,767",$1.32M
550,In a Lonely Place,(1950),94 min,7.9,****,"33,924",%^%^%^
551,Hable con ella,(2002),112 min,7.9,86        ,"115,919",$9.36M
552,The Lion in Winter,(1968),134 min,7.9,****,"33,180",$22.28M
553,Gegen die Wand,(2004),121 min,7.9,78        ,"56,492",%^%^%^
554,Mildred Pierce,(1945),111 min,7.9,88        ,"27,802",%^%^%^
555,In Cold Blood,(1967),134 min,7.9,89        ,"28,142",%^%^%^
556,Sacrifice,(1986),149 min,7.9,****,"30,153",$0.30M
557,The Philadelphia Story,(1940),112 min,7.9,96        ,"72,305",%^%^%^
558,Amour,(2012),127 min,7.9,95        ,"103,948",$6.74M
559,Taeksi woonjunsa,(2017),137 min,7.9,69        ,"28,754",$1.53M
560,Cat on a Hot Tin Roof,(1958),108 min,7.9,84        ,"52,253",$17.57M
561,Arsenic and Old Lace,(1944),118 min,7.9,****,"73,483",%^%^%^
562,The Adventures of Robin Hood,(1938),102 min,7.9,97        ,"53,423",$3.98M
563,Il conformista,(1970),113 min,7.9,100        ,"32,703",$0.54M
564,Harvey,(1950),104 min,7.9,****,"57,305",%^%^%^
565,Kal Ho Naa Ho,(2003),186 min,7.9,54        ,"73,072",$1.79M
566,Nostalgia,(1983),125 min,7.9,****,"29,094",$0.01M
567,Darbareye Elly,(2009),119 min,7.9,87        ,"55,968",$0.11M
568,Laura,(1944),88 min,7.9,****,"49,755",$4.36M
569,Jab We Met,(2007),138 min,7.9,****,"56,643",$0.41M
570,Amarcord,(1973),123 min,7.9,****,"45,730",$0.58M
571,Cléo de 5 à 7,(1962),90 min,7.9,87        ,"25,600",%^%^%^
572,Kagemusha,(1980),180 min,7.9,84        ,"37,307",%^%^%^
573,Miracle on 34th Street,(1947),96 min,7.9,88        ,"51,572",$2.65M
574,The Thin Man,(1934),91 min,7.9,86        ,"31,724",%^%^%^
575,Hoje Eu Quero Voltar Sozinho,(2014),96 min,7.9,71        ,"27,039",$0.10M
576,"4 luni, 3 saptamâni si 2 zile",(2007),113 min,7.9,97        ,"62,432",$1.19M
577,Hiroshima mon amour,(1959),90 min,7.9,****,"34,745",$0.09M
578,Vozvrashchenie,(2003),110 min,7.9,82        ,"46,726",$0.50M
579,Bronenosets Potemkin,(1925),75 min,7.9,97        ,"60,214",$0.05M
580,Gully Boy,(2019),154 min,7.9,65        ,"42,195",$5.57M
581,Bin-jip,(2004),88 min,7.9,72        ,"57,180",$0.24M
582,No Man's Land,(I) (2001),98 min,7.9,84        ,"48,242",$1.06M
583,The Lost Weekend,(1945),101 min,7.9,****,"39,199",$9.46M
584,Nueve reinas,(2000),114 min,7.9,80        ,"55,560",$1.22M
585,The Big Heat,(1953),89 min,7.9,****,"28,175",%^%^%^
586,Le cercle rouge,(1970),140 min,7.9,92        ,"27,183",$0.37M
587,La règle du jeu,(1939),110 min,7.9,99        ,"30,567",%^%^%^
588,Sullivan's Travels,(1941),90 min,7.9,****,"27,904",%^%^%^
589,La Belle et la Bête,(1946),96 min,7.9,92        ,"27,517",$0.30M
590,C.R.A.Z.Y.,(2005),129 min,7.9,81        ,"33,777",%^%^%^
591,Såsom i en spegel,(1961),90 min,7.9,84        ,"26,738",%^%^%^
592,Super 30,(2019),154 min,7.9,****,"35,069",$2.27M
593,Baby,(I) (2015),159 min,7.9,****,"59,266",%^%^%^
594,Dev.D,(2009),144 min,7.9,****,"31,724",$0.01M
595,Badhaai ho,(2018),124 min,7.9,****,"36,616",%^%^%^
596,Padman,(2018),140 min,7.9,****,"27,754",$1.66M
597,Airlift,(2016),130 min,7.9,****,"58,203",%^%^%^
598,John Wick: Chapter 4,(2023),169 min,7.8,78        ,"279,499",%^%^%^
599,The Batman,(2022),176 min,7.8,72        ,"733,873",$369.35M
600,Everything Everywhere All at Once,(2022),139 min,7.8,81        ,"480,598",$72.86M
601,The Big Short,(2015),130 min,7.8,81        ,"463,915",$70.26M
602,Pride & Prejudice,(2005),129 min,7.8,82        ,"317,434",$38.41M
603,Get Out,(I) (2017),104 min,7.8,85        ,"658,127",$176.04M
604,Tombstone,(1993),130 min,7.8,50        ,"159,878",$56.51M
605,The Gentlemen,(2019),113 min,7.8,51        ,"371,442",$36.47M
606,A Bronx Tale,(1993),121 min,7.8,80        ,"153,757",$17.27M
607,The Notebook,(2004),123 min,7.8,53        ,"599,345",$81.00M
608,Drive,(I) (2011),100 min,7.8,78        ,"682,482",$35.06M
609,Rogue One,(2016),133 min,7.8,65        ,"668,307",$532.18M
610,Ferris Bueller's Day Off,(1986),103 min,7.8,61        ,"376,616",$70.14M
611,Puss in Boots: The Last Wish,(2022),102 min,7.8,73        ,"155,685",$168.46M
612,The Breakfast Club,(1985),97 min,7.8,66        ,"423,804",$45.88M
613,Little Women,(2019),135 min,7.8,91        ,"229,141",$108.10M
614,Dunkirk,(2017),106 min,7.8,94        ,"713,001",$188.37M
615,Ghostbusters,(1984),105 min,7.8,71        ,"432,334",$238.63M
616,Predator,(1987),107 min,7.8,47        ,"441,596",$59.74M
617,The Irishman,(2019),209 min,7.8,94        ,"413,755",$7.00M
618,Apocalypto,(2006),139 min,7.8,68        ,"323,990",$50.87M
619,Im Westen nichts Neues,(2022),148 min,7.8,76        ,"222,928",%^%^%^
620,About Time,(I) (2013),123 min,7.8,55        ,"372,256",$15.32M
621,Call Me by Your Name,(2017),132 min,7.8,94        ,"297,929",$18.10M
622,RRR (Rise Roar Revolt),(2022),187 min,7.8,83        ,"157,224",$14.50M
623,The Hateful Eight,(2015),168 min,7.8,68        ,"637,402",$54.12M
624,The Hobbit: An Unexpected Journey,(2012),169 min,7.8,58        ,"853,690",$303.00M
625,The Girl with the Dragon Tattoo,(2011),158 min,7.8,71        ,"481,644",$102.52M
626,Star Wars: Episode VII - The Force Awakens,(2015),138 min,7.8,80        ,"957,294",$936.66M
627,Hidden Figures,(2016),127 min,7.8,74        ,"246,198",$169.61M
628,Willy Wonka & the Chocolate Factory,(1971),100 min,7.8,67        ,"213,990",$4.00M
629,Verdens verste menneske,(2021),128 min,7.8,90        ,"86,501",%^%^%^
630,Remember the Titans,(2000),113 min,7.8,48        ,"226,185",$115.65M
631,The Social Network,(2010),120 min,7.8,95        ,"736,687",$96.96M
632,Hot Fuzz,(2007),121 min,7.8,81        ,"524,464",$23.64M
633,Misery,(1990),107 min,7.8,75        ,"225,957",$61.28M
634,Atonement,(2007),123 min,7.8,85        ,"292,310",$50.93M
635,Nightcrawler,(2014),117 min,7.8,76        ,"583,626",$32.38M
636,American Gangster,(2007),157 min,7.8,76        ,"442,535",$130.16M
637,Taken,(I) (2008),90 min,7.8,51        ,"621,373",$145.00M
638,The Fall,(I) (2006),117 min,7.8,64        ,"115,181",$2.28M
639,The Bourne Identity,(2002),119 min,7.8,68        ,"565,286",$121.66M
640,Manchester by the Sea,(2016),137 min,7.8,96        ,"300,516",$47.70M
641,Little Miss Sunshine,(2006),101 min,7.8,80        ,"504,475",$59.89M
642,The Curious Case of Benjamin Button,(2008),166 min,7.8,70        ,"678,450",$127.51M
643,The Hobbit: The Desolation of Smaug,(2013),161 min,7.8,66        ,"687,948",$258.37M
644,The Sandlot,(1993),101 min,7.8,55        ,"99,074",$32.42M
645,Mary Poppins,(1964),139 min,7.8,88        ,"180,914",$102.27M
646,Boyz n the Hood,(1991),112 min,7.8,76        ,"149,361",$57.50M
647,The Fugitive,(1993),130 min,7.8,87        ,"309,537",$183.88M
648,The Last Samurai,(2003),154 min,7.8,55        ,"458,995",$111.11M
649,Skyfall,(2012),143 min,7.8,81        ,"717,509",$304.36M
650,Ang-ma-reul bo-at-da,(2010),144 min,7.8,67        ,"140,604",$0.13M
651,Cast Away,(2000),143 min,7.8,73        ,"620,820",$233.63M
652,The Untouchables,(1987),119 min,7.8,79        ,"323,406",$76.27M
653,Captain Phillips,(2013),134 min,7.8,82        ,"481,387",$107.10M
654,Close,(I) (2022),104 min,7.8,81        ,"28,350",%^%^%^
655,Guess Who's Coming to Dinner,(1967),108 min,7.8,63        ,"47,747",$56.70M
656,Captain America: Civil War,(2016),147 min,7.8,75        ,"827,291",$408.08M
657,Isle of Dogs,(2018),101 min,7.8,82        ,"183,699",$32.02M
658,Moonrise Kingdom,(2012),94 min,7.8,84        ,"361,734",$45.51M
659,Captain America: The Winter Soldier,(2014),136 min,7.8,70        ,"880,096",$259.77M
660,Back to the Future Part II,(1989),108 min,7.8,57        ,"557,940",$118.50M
661,Captain Fantastic,(2016),118 min,7.8,72        ,"229,027",$5.88M
662,La montaña sagrada,(1973),114 min,7.8,76        ,"46,378",$0.06M
663,Moon,(2009),97 min,7.8,67        ,"370,279",$5.01M
664,Walk the Line,(2005),136 min,7.8,72        ,"260,557",$119.52M
665,Awakenings,(1990),121 min,7.8,74        ,"153,016",$52.10M
666,Big Hero 6,(2014),102 min,7.8,74        ,"486,428",$222.53M
667,The Searchers,(1956),119 min,7.8,94        ,"94,030",%^%^%^
668,Midnight Cowboy,(1969),113 min,7.8,79        ,"116,931",$44.79M
669,Straight Outta Compton,(2015),147 min,7.8,72        ,"212,743",$161.20M
670,Serenity,(2005),119 min,7.8,74        ,"302,304",$25.51M
671,The Remains of the Day,(1993),134 min,7.8,86        ,"80,650",$22.95M
672,Changeling,(2008),141 min,7.8,63        ,"262,014",$35.74M
673,The Man from Earth,(2007),87 min,7.8,****,"195,170",%^%^%^
674,The King of Comedy,(1982),109 min,7.8,73        ,"112,991",$2.50M
675,The Fighter,(I) (2010),116 min,7.8,79        ,"381,789",$93.62M
676,Night of the Living Dead,(1968),96 min,7.8,89        ,"135,007",$0.09M
677,October Sky,(1999),108 min,7.8,71        ,"95,836",$32.48M
678,Mississippi Burning,(1988),128 min,7.8,65        ,"106,321",$34.60M
679,Gekijouban Jujutsu Kaisen 0,(2021),105 min,7.8,71        ,"28,842",$34.54M
680,Hunt for the Wilderpeople,(2016),101 min,7.8,81        ,"137,440",$5.20M
681,Män som hatar kvinnor,(2009),152 min,7.8,76        ,"220,869",$10.10M
682,Majo no takkyûbin,(1989),103 min,7.8,85        ,"156,305",%^%^%^
683,La migliore offerta,(2013),131 min,7.8,49        ,"125,271",$0.09M
684,Glory,(1989),122 min,7.8,78        ,"141,058",$26.83M
685,The Day of the Jackal,(1973),143 min,7.8,80        ,"43,514",$16.06M
686,Dawn of the Dead,(1978),127 min,7.8,71        ,"125,580",$5.10M
687,The Insider,(1999),157 min,7.8,84        ,"176,961",$28.97M
688,Ed Wood,(1994),127 min,7.8,70        ,"181,330",$5.89M
689,Thirteen Lives,(2022),147 min,7.8,66        ,"63,825",%^%^%^
690,Frankenstein,(1931),70 min,7.8,91        ,"76,891",%^%^%^
691,Paddington 2,(2017),103 min,7.8,88        ,"87,599",$40.44M
692,The Conversation,(1974),113 min,7.8,87        ,"117,669",$4.42M
693,How to Train Your Dragon 2,(2014),102 min,7.8,77        ,"353,838",$177.00M
694,My Fair Lady,(1964),170 min,7.8,95        ,"99,397",$72.00M
695,Freaks,(1932),64 min,7.8,80        ,"48,932",$0.63M
696,Kramer vs. Kramer,(1979),105 min,7.8,77        ,"151,363",$106.26M
697,Gaslight,(1944),114 min,7.8,78        ,"32,288",%^%^%^
698,The Right Stuff,(1983),193 min,7.8,91        ,"64,080",$21.50M
699,Lilja 4-ever,(2002),109 min,7.8,83        ,"47,958",$0.18M
700,The Outlaw Josey Wales,(1976),135 min,7.8,69        ,"77,848",$31.80M
701,The World's Fastest Indian,(2005),127 min,7.8,68        ,"57,148",$5.13M
702,Cabaret,(1972),124 min,7.8,80        ,"57,889",$42.77M
703,All That Jazz,(1979),123 min,7.8,72        ,"34,065",$37.82M
704,Stagecoach,(1939),96 min,7.8,93        ,"52,189",%^%^%^
705,Batman: Mask of the Phantasm,(1993),76 min,7.8,65        ,"54,857",$5.62M
706,Days of Heaven,(1978),94 min,7.8,93        ,"61,047",%^%^%^
707,Chugyeokja,(2008),125 min,7.8,64        ,"70,523",%^%^%^
708,The Innocents,(1961),100 min,7.8,88        ,"32,141",$2.62M
709,Manhattan,(1979),96 min,7.8,83        ,"144,409",$45.70M
710,The Day the Earth Stood Still,(1951),92 min,7.8,83        ,"84,510",%^%^%^
711,Once,(I) (2007),86 min,7.8,90        ,"119,680",$9.44M
712,Hannah and Her Sisters,(1986),107 min,7.8,90        ,"74,418",$40.08M
713,Loving Vincent,(2017),94 min,7.8,62        ,"61,556",$6.74M
714,Letters from Iwo Jima,(2006),141 min,7.8,89        ,"167,746",$13.76M
715,Todo sobre mi madre,(1999),101 min,7.8,87        ,"100,857",$8.26M
716,The Killing Fields,(1984),141 min,7.8,76        ,"57,942",$34.70M
717,"Aguirre, der Zorn Gottes",(1972),95 min,7.8,****,"60,173",%^%^%^
718,Bride of Frankenstein,(1935),75 min,7.8,95        ,"51,258",$4.36M
719,Breaking the Waves,(1996),159 min,7.8,82        ,"70,084",$4.04M
720,To Have and Have Not,(1944),100 min,7.8,90        ,"37,166",%^%^%^
721,Mimi wo sumaseba,(1995),111 min,7.8,75        ,"68,619",%^%^%^
722,My Left Foot: The Story of Christy Brown,(1989),103 min,7.8,97        ,"77,965",$14.74M
723,Pride,(I) (2014),119 min,7.8,79        ,"60,404",%^%^%^
724,The Man Who Would Be King,(1975),129 min,7.8,91        ,"51,035",%^%^%^
725,Shadow of a Doubt,(1943),108 min,7.8,94        ,"68,686",%^%^%^
726,Jûbê ninpûchô,(1993),94 min,7.8,****,"39,512",%^%^%^
727,Red River,(1948),133 min,7.8,96        ,"33,232",%^%^%^
728,East of Eden,(1955),118 min,7.8,72        ,"47,788",%^%^%^
729,Les parapluies de Cherbourg,(1964),91 min,7.8,86        ,"30,064",$0.03M
730,Under sandet,(2015),100 min,7.8,75        ,"44,235",$0.44M
731,"I, Daniel Blake",(2016),100 min,7.8,78        ,"63,058",$0.26M
732,The Lunchbox,(2013),104 min,7.8,76        ,"59,344",$4.23M
733,Un prophète,(2009),155 min,7.8,90        ,"100,929",$2.08M
734,Das weiße Band - Eine deutsche Kindergeschichte,(2009),144 min,7.8,84        ,"76,260",$2.22M
735,His Girl Friday,(1939),92 min,7.8,****,"61,670",$0.30M
736,Cowboy Bebop: Tengoku no tobira,(2001),115 min,7.8,61        ,"51,452",$1.00M
737,Bringing Up Baby,(1938),102 min,7.8,91        ,"64,661",%^%^%^
738,The Asphalt Jungle,(1950),112 min,7.8,85        ,"28,920",%^%^%^
739,You Can't Take It with You,(1938),126 min,7.8,****,"27,109",$4.66M
740,Il postino,(1994),108 min,7.8,81        ,"38,236",$21.85M
741,Les choristes,(2004),97 min,7.8,56        ,"65,499",$3.64M
742,Dip huet seung hung,(1989),111 min,7.8,82        ,"50,108",%^%^%^
743,Crimes and Misdemeanors,(1989),104 min,7.8,77        ,"59,914",$18.25M
744,Vivre sa vie: Film en douze tableaux,(1962),80 min,7.8,****,"34,076",%^%^%^
745,Le charme discret de la bourgeoisie,(1972),102 min,7.8,93        ,"45,437",$0.20M
746,Bir Zamanlar Anadolu'da,(2011),157 min,7.8,82        ,"48,664",$0.14M
747,Soshite chichi ni naru,(2013),121 min,7.8,73        ,"27,061",$0.28M
748,Tôkyô goddofâzâzu,(2003),92 min,7.8,74        ,"44,120",$0.13M
749,Duck Soup,(1933),69 min,7.8,93        ,"61,866",%^%^%^
750,Ma vie de Courgette,(2016),66 min,7.8,85        ,"27,907",$0.29M
751,Sennen joyû,(2001),87 min,7.8,70        ,"30,585",$0.19M
752,Veer-Zaara,(2004),192 min,7.8,67        ,"55,769",$2.92M
753,Knockin' on Heaven's Door,(1997),87 min,7.8,****,"32,658",$0.00M
754,A Night at the Opera,(1935),96 min,7.8,****,"34,081",$2.54M
755,Vicky Donor,(2012),126 min,7.8,****,"44,762",$0.17M
756,English Vinglish,(2012),134 min,7.8,****,"38,048",$1.67M
757,Hindi Medium,(2017),132 min,7.8,****,"31,157",%^%^%^
758,The Whale,(2022),117 min,7.7,60        ,"180,134",%^%^%^
759,Wind River,(2017),107 min,7.7,73        ,"268,686",$33.80M
760,The Goonies,(1985),114 min,7.7,62        ,"289,977",$61.50M
761,The Banshees of Inisherin,(2022),114 min,7.7,87        ,"227,464",%^%^%^
762,Harry Potter and the Goblet of Fire,(2005),157 min,7.7,81        ,"658,725",$290.01M
763,Aftersun,(II) (2022),102 min,7.7,95        ,"75,364",%^%^%^
764,The Hangover,(2009),100 min,7.7,73        ,"822,097",$277.32M
765,Ocean's Eleven,(2001),116 min,7.7,74        ,"602,161",$183.42M
766,Lost in Translation,(2003),102 min,7.7,91        ,"474,975",$44.59M
767,Halloween,(1978),91 min,7.7,87        ,"293,584",$47.00M
768,Coraline,(2009),100 min,7.7,80        ,"251,817",$75.29M
769,Sicario,(2015),121 min,7.7,82        ,"455,487",$46.89M
770,Man on Fire,(2004),146 min,7.7,47        ,"378,929",$77.91M
771,Zodiac,(2007),157 min,7.7,79        ,"576,129",$33.08M
772,Kingsman: The Secret Service,(2014),129 min,7.7,60        ,"697,642",$128.26M
773,Mr. Nobody,(2009),141 min,7.7,63        ,"241,707",$0.00M
774,When Harry Met Sally...,(1989),95 min,7.7,76        ,"232,987",$92.82M
775,Harry Potter and the Deathly Hallows - Part 1,(2010),146 min,7.7,65        ,"578,849",$295.98M
776,(500) Days of Summer,(2009),95 min,7.7,76        ,"540,917",$32.39M
777,Training Day,(2001),122 min,7.7,71        ,"458,588",$76.63M
778,Mission: Impossible - Fallout,(2018),147 min,7.7,86        ,"364,990",$220.16M
779,La vie d'Adèle,(2013),180 min,7.7,90        ,"159,372",$2.20M
780,The Game,(1997),129 min,7.7,63        ,"416,258",$48.32M
781,Der Name der Rose,(1986),130 min,7.7,54        ,"113,620",$7.15M
782,Black Hawk Down,(2001),144 min,7.7,74        ,"413,470",$108.64M
783,Home Alone,(1990),103 min,7.7,63        ,"613,199",$285.76M
784,The Last of the Mohicans,(1992),112 min,7.7,76        ,"181,111",$75.51M
785,Ex Machina,(2014),108 min,7.7,78        ,"569,870",$25.44M
786,Airplane!,(1980),88 min,7.7,78        ,"253,084",$83.40M
787,Blue Velvet,(1986),120 min,7.7,76        ,"209,687",$8.55M
788,Y tu mamá también,(2001),106 min,7.7,89        ,"127,048",$13.62M
789,Tangled,(2010),100 min,7.7,71        ,"478,623",$200.82M
790,Blazing Saddles,(1974),93 min,7.7,73        ,"147,364",$119.50M
791,Donnie Brasco,(1997),127 min,7.7,76        ,"322,800",$41.91M
792,Brokeback Mountain,(2005),134 min,7.7,87        ,"372,889",$83.04M
793,The Boondock Saints,(1999),108 min,7.7,44        ,"246,001",$0.03M
794,Deliverance,(1972),109 min,7.7,80        ,"116,540",$7.06M
795,A Few Good Men,(1992),138 min,7.7,62        ,"278,825",$141.34M
796,Primal Fear,(1996),129 min,7.7,47        ,"238,778",$56.12M
797,Silver Linings Playbook,(2012),122 min,7.7,81        ,"729,401",$132.09M
798,Gravity,(2013),91 min,7.7,96        ,"848,624",$274.09M
799,The Lego Movie,(2014),100 min,7.7,83        ,"378,486",$257.76M
800,The Count of Monte Cristo,(2002),131 min,7.7,61        ,"145,157",$54.23M
801,Birdman or (The Unexpected Virtue of Ignorance),(2014),119 min,7.7,87        ,"653,018",$42.34M
802,Druk,(2020),117 min,7.7,79        ,"181,509",%^%^%^
803,Argo,(2012),120 min,7.7,86        ,"630,046",$136.03M
804,Crash,(I) (2004),112 min,7.7,66        ,"444,824",$54.58M
805,Who Framed Roger Rabbit,(1988),104 min,7.7,83        ,"211,322",$156.45M
806,X: First Class,(2011),131 min,7.7,65        ,"711,880",$146.41M
807,The Boy in the Striped Pajamas,(2008),94 min,7.7,55        ,"235,597",$9.03M
808,Sense and Sensibility,(1995),136 min,7.7,84        ,"122,084",$43.18M
809,The Color Purple,(1985),154 min,7.7,78        ,"92,272",$98.47M
810,"O Brother, Where Art Thou?",(2000),107 min,7.7,69        ,"323,868",$45.51M
811,The Fault in Our Stars,(2014),126 min,7.7,69        ,"392,785",$124.87M
812,First Blood,(1982),93 min,7.7,61        ,"267,196",$47.21M
813,Naked,(1993),131 min,7.7,85        ,"42,378",$1.77M
814,Toy Story 4,(2019),100 min,7.7,84        ,"269,296",$434.04M
815,What's Eating Gilbert Grape,(1993),118 min,7.7,73        ,"247,970",$9.17M
816,As Good as It Gets,(1997),139 min,7.7,67        ,"311,421",$148.48M
817,Dirty Harry,(1971),102 min,7.7,87        ,"164,606",$35.90M
818,GATTACA,(1997),106 min,7.7,64        ,"316,111",$12.34M
819,Sound of Metal,(2019),120 min,7.7,82        ,"142,204",%^%^%^
820,Philadelphia,(1993),125 min,7.7,66        ,"252,441",$77.32M
821,Wreck-It Ralph,(2012),101 min,7.7,72        ,"445,437",$189.42M
822,The Bourne Supremacy,(2004),108 min,7.7,73        ,"478,599",$176.24M
823,The French Connection,(1971),104 min,7.7,94        ,"131,010",$15.63M
824,Road to Perdition,(2002),117 min,7.7,72        ,"278,973",$104.45M
825,Apollo 13,(I) (1995),140 min,7.7,77        ,"307,656",$173.84M
826,Star Trek Into Darkness,(2013),132 min,7.7,72        ,"492,622",$228.78M
827,Fried Green Tomatoes,(1991),130 min,7.7,64        ,"79,533",$82.42M
828,Evil Dead II,(1987),84 min,7.7,72        ,"176,824",$5.92M
829,The Dirty Dozen,(1967),150 min,7.7,73        ,"77,262",$45.30M
830,Happiness,(1998),134 min,7.7,81        ,"73,028",$2.81M
831,Ray,(I) (2004),152 min,7.7,73        ,"154,309",$75.33M
832,The Theory of Everything,(2014),123 min,7.7,71        ,"470,983",$35.89M
833,3:10 to Yuma,(2007),122 min,7.7,76        ,"324,936",$53.61M
834,Goldfinger,(1964),110 min,7.7,87        ,"198,040",$51.08M
835,Empire of the Sun,(1987),153 min,7.7,62        ,"131,666",$22.24M
836,En man som heter Ove,(2015),116 min,7.7,70        ,"65,764",$3.48M
837,The Trial of the Chicago 7,(2020),129 min,7.7,76        ,"187,839",%^%^%^
838,Adaptation.,(2002),115 min,7.7,83        ,"199,167",$22.25M
839,Glengarry Glen Ross,(1992),100 min,7.7,82        ,"112,689",$10.73M
840,This Is England,(2006),101 min,7.7,86        ,"126,447",$0.33M
841,Being John Malkovich,(1999),113 min,7.7,90        ,"347,439",$22.86M
842,Serpico,(1973),130 min,7.7,83        ,"130,807",$29.80M
843,Kung fu,(2004),99 min,7.7,78        ,"147,154",$17.11M
844,Flipped,(I) (2010),90 min,7.7,45        ,"94,831",$1.75M
845,The Magnificent Seven,(1960),128 min,7.7,74        ,"99,813",$4.91M
846,Detachment,(2011),98 min,7.7,52        ,"94,465",$0.07M
847,Hamlet,(1996),242 min,7.7,****,"39,315",$4.41M
848,Roma,(2018),135 min,7.7,96        ,"165,959",%^%^%^
849,Star Trek II: The Wrath of Khan,(1982),113 min,7.7,68        ,"126,962",$78.91M
850,Paprika,(2006),90 min,7.7,81        ,"91,193",$0.88M
851,Kaze tachinu,(2013),126 min,7.7,83        ,"93,161",$5.21M
852,Lucky Number Slevin,(2006),110 min,7.7,53        ,"321,421",$22.49M
853,Clerks,(1994),92 min,7.7,70        ,"229,102",$3.15M
854,Malcolm X,(1992),202 min,7.7,73        ,"99,543",$48.17M
855,Bonnie and Clyde,(1967),111 min,7.7,86        ,"117,955",%^%^%^
856,Spoorloos,(1988),107 min,7.7,****,"41,794",%^%^%^
857,Belle de jour,(1967),100 min,7.7,****,"47,422",$0.03M
858,Fantasia,(1940),124 min,7.7,96        ,"101,295",$76.41M
859,Miller's Crossing,(1990),115 min,7.7,66        ,"139,563",$5.08M
860,Billy Elliot,(2000),110 min,7.7,74        ,"139,886",$22.00M
861,La grande bellezza,(2013),141 min,7.7,86        ,"95,381",$2.85M
862,Zwartboek,(2006),145 min,7.7,71        ,"79,143",$4.40M
863,The Longest Day,(1962),178 min,7.7,75        ,"58,063",$39.10M
864,Ordinary People,(1980),124 min,7.7,86        ,"55,176",$54.80M
865,Finding Neverland,(2004),106 min,7.7,67        ,"210,150",$51.68M
866,Me and Earl and the Dying Girl,(2015),105 min,7.7,74        ,"136,081",$6.74M
867,Madeo,(2009),129 min,7.7,79        ,"69,150",$0.55M
868,Zulu,(1964),138 min,7.7,77        ,"41,523",%^%^%^
869,À bout de souffle,(1960),90 min,7.7,****,"85,923",$0.34M
870,The Last Emperor,(1987),163 min,7.7,76        ,"108,667",$43.98M
871,Lola rennt,(1998),81 min,7.7,77        ,"203,914",$7.27M
872,"South Park: Bigger, Longer & Uncut",(1999),81 min,7.7,73        ,"211,636",$52.04M
873,The Quiet Man,(1952),129 min,7.7,85        ,"41,084",$10.55M
874,The Verdict,(1982),129 min,7.7,77        ,"44,232",$54.00M
875,Kubo and the Two Strings,(2016),101 min,7.7,84        ,"135,786",$48.02M
876,Badlands,(1973),94 min,7.7,93        ,"76,463",%^%^%^
877,Kurenai no buta,(1992),94 min,7.7,83        ,"96,780",%^%^%^
878,Invasion of the Body Snatchers,(1956),80 min,7.7,92        ,"53,053",%^%^%^
879,Short Cuts,(1993),188 min,7.7,81        ,"46,603",$6.11M
880,Ajeossi,(2010),119 min,7.7,****,"72,986",$0.01M
881,Beasts of No Nation,(2015),137 min,7.7,79        ,"85,090",$0.08M
882,Nebraska,(2013),115 min,7.7,86        ,"121,120",$17.65M
883,The Lady Vanishes,(1938),96 min,7.7,98        ,"55,643",%^%^%^
884,Perfetti sconosciuti,(2016),96 min,7.7,****,"69,263",%^%^%^
885,The African Queen,(1951),105 min,7.7,91        ,"82,412",$0.54M
886,Abre los ojos,(1997),119 min,7.7,****,"71,989",$0.37M
887,La planète sauvage,(1973),72 min,7.7,73        ,"35,222",$0.19M
888,Waking Life,(2001),99 min,7.7,84        ,"66,090",$2.89M
889,Omoide no Marnie,(2014),103 min,7.7,72        ,"45,083",$0.77M
890,The Broken Circle Breakdown,(2012),111 min,7.7,70        ,"42,555",$0.18M
891,Night on Earth,(1991),129 min,7.7,68        ,"64,097",$2.02M
892,Good Bye Lenin!,(2003),121 min,7.7,68        ,"150,483",$4.06M
893,Chun gwong cha sit,(1997),96 min,7.7,70        ,"32,595",$0.19M
894,Lat sau san taam,(1992),128 min,7.7,****,"52,839",%^%^%^
895,Hedwig and the Angry Inch,(2001),95 min,7.7,85        ,"36,851",$3.03M
896,Ta'm e guilass,(1997),95 min,7.7,80        ,"34,486",$0.31M
897,Yume,(1990),119 min,7.7,****,"28,134",$1.96M
898,Frost/Nixon,(2008),122 min,7.7,80        ,"111,070",$18.59M
899,The Magdalene Sisters,(2002),114 min,7.7,83        ,"28,052",$4.89M
900,Wait Until Dark,(1967),108 min,7.7,81        ,"32,672",$17.55M
901,La double vie de Véronique,(1991),98 min,7.7,86        ,"51,606",$2.00M
902,Diarios de motocicleta,(2004),126 min,7.7,75        ,"103,674",$16.78M
903,Scarface,(1932),93 min,7.7,90        ,"29,487",%^%^%^
904,Marty,(1955),90 min,7.7,82        ,"26,076",%^%^%^
905,Le Petit Prince,(2015),108 min,7.7,70        ,"65,106",$1.34M
906,Black Narcissus,(1947),101 min,7.7,86        ,"26,653",%^%^%^
907,Cape Fear,(1962),106 min,7.7,76        ,"30,771",%^%^%^
908,The Caine Mutiny,(1954),124 min,7.7,63        ,"29,076",$21.75M
909,Down by Law,(1986),107 min,7.7,75        ,"54,151",$1.44M
910,Key Largo,(1948),100 min,7.7,****,"43,159",%^%^%^
911,Forushande,(2016),124 min,7.7,85        ,"63,362",$2.40M
912,A Man for All Seasons,(1966),120 min,7.7,72        ,"36,347",$28.35M
913,Ondskan,(2003),113 min,7.7,61        ,"40,684",$0.02M
914,Das Experiment,(2001),120 min,7.7,59        ,"95,395",$0.14M
915,Kokuhaku,(2010),106 min,7.7,****,"41,081",%^%^%^
916,The Purple Rose of Cairo,(1985),82 min,7.7,75        ,"53,737",$10.63M
917,How Green Was My Valley,(1941),118 min,7.7,88        ,"25,725",%^%^%^
918,Gongdong gyeongbi guyeok JSA,(2000),110 min,7.7,58        ,"33,023",%^%^%^
919,L'avventura,(1960),144 min,7.7,****,"31,819",%^%^%^
920,Love and Death,(1975),85 min,7.7,89        ,"40,043",%^%^%^
921,Les triplettes de Belleville,(2003),80 min,7.7,91        ,"56,225",$7.00M
922,Jules et Jim,(1962),105 min,7.7,97        ,"43,526",%^%^%^
923,Adams æbler,(2005),94 min,7.7,51        ,"53,173",$0.00M
924,Hana-bi,(1997),103 min,7.7,83        ,"32,260",$0.23M
925,Toki o kakeru shôjo,(2006),98 min,7.7,66        ,"69,305",%^%^%^
926,Efter brylluppet,(2006),120 min,7.7,78        ,"36,145",$0.41M
927,In America,(2002),105 min,7.7,76        ,"43,933",$15.54M
928,The Muppet Christmas Carol,(1992),85 min,7.7,64        ,"64,860",$27.28M
929,Zelig,(1983),79 min,7.7,****,"43,415",$11.80M
930,The Breadwinner,(2017),94 min,7.7,78        ,"27,507",$0.31M
931,Le passé,(2013),130 min,7.7,85        ,"50,204",$1.33M
932,Auf der anderen Seite,(2007),122 min,7.7,85        ,"33,011",$0.74M
933,Harry Potter and the Sorcerer's Stone,(2001),152 min,7.6,65        ,"825,846",$317.58M
934,Saw,(2004),103 min,7.6,46        ,"445,494",$56.00M
935,Once Upon a Time in... Hollywood,(2019),161 min,7.6,83        ,"801,991",$142.50M
936,American Psycho,(2000),102 min,7.6,64        ,"678,266",$15.07M
937,The Birds,(1963),119 min,7.6,90        ,"199,291",$11.40M
938,Hell or High Water,(II) (2016),102 min,7.6,88        ,"243,659",$27.01M
939,300,(2006),117 min,7.6,52        ,"846,808",$210.61M
940,Watchmen,(2009),162 min,7.6,56        ,"570,152",$107.51M
941,Superbad,(2007),113 min,7.6,76        ,"613,076",$121.46M
942,Star Wars: Episode III - Revenge of the Sith,(2005),140 min,7.6,68        ,"824,621",$380.26M
943,The Fifth Element,(1997),126 min,7.6,52        ,"492,658",$63.54M
944,Office Space,(1999),89 min,7.6,68        ,"280,349",$10.82M
945,My Cousin Vinny,(1992),120 min,7.6,68        ,"135,636",$52.93M
946,Deadpool 2,(2018),119 min,7.6,66        ,"619,798",$324.59M
947,What We Do in the Shadows,(2014),86 min,7.6,76        ,"193,887",$3.33M
948,Stardust,(2007),127 min,7.6,66        ,"279,961",$38.63M
949,The Others,(2001),101 min,7.6,74        ,"382,384",$96.52M
950,RoboCop,(1987),102 min,7.6,70        ,"272,500",$53.42M
951,The Butterfly Effect,(2004),113 min,7.6,30        ,"509,676",$57.94M
952,Guardians of the Galaxy Vol. 2,(2017),136 min,7.6,67        ,"736,512",$389.81M
953,Moneyball,(2011),133 min,7.6,87        ,"449,779",$75.61M
954,Midnight in Paris,(2011),94 min,7.6,81        ,"441,001",$56.82M
955,Kick-Ass,(2010),117 min,7.6,66        ,"582,485",$48.07M
956,United 93,(2006),111 min,7.6,90        ,"109,585",$31.57M
957,Mad Max 2,(1981),96 min,7.6,77        ,"188,848",$12.47M
958,Minority Report,(2002),145 min,7.6,80        ,"572,158",$132.07M
959,True Grit,(2010),110 min,7.6,80        ,"351,201",$171.24M
960,The Thin Red Line,(1998),170 min,7.6,78        ,"195,533",$36.40M
961,Kung Fu Panda,(2008),92 min,7.6,74        ,"499,137",$215.43M
962,A Star Is Born,(2018),136 min,7.6,88        ,"405,903",$215.29M
963,The Fly,(1986),96 min,7.6,79        ,"194,969",$40.46M
964,Dark Waters,(2019),126 min,7.6,73        ,"96,076",%^%^%^
965,End of Watch,(2012),109 min,7.6,68        ,"261,316",$41.00M
966,Gone Baby Gone,(2007),114 min,7.6,72        ,"283,391",$20.30M
967,The Machinist,(2004),101 min,7.6,61        ,"406,983",$1.08M
968,The Blind Side,(2009),129 min,7.6,53        ,"351,961",$255.96M
969,Mulan,(1998),87 min,7.6,71        ,"305,657",$120.62M
970,Despicable Me,(2010),95 min,7.6,72        ,"569,049",$251.51M
971,Eastern Promises,(2007),100 min,7.6,83        ,"254,712",$17.11M
972,Serbuan maut,(2011),101 min,7.6,73        ,"212,925",$4.11M
973,The Royal Tenenbaums,(2001),110 min,7.6,76        ,"306,682",$52.36M
974,Snow White and the Seven Dwarfs,(1937),83 min,7.6,96        ,"210,058",$184.93M
975,50/50,(2011),100 min,7.6,72        ,"338,987",$35.01M
976,The Jungle Book,(1967),78 min,7.6,65        ,"193,415",$141.84M
977,After Hours,(I) (1985),97 min,7.6,90        ,"76,408",$10.60M
978,Match Point,(2005),124 min,7.6,72        ,"224,463",$23.09M
979,Rushmore,(1998),93 min,7.6,86        ,"194,151",$17.11M
980,The Mitchells vs the Machines,(2021),114 min,7.6,81        ,"120,847",%^%^%^
981,Lethal Weapon,(1987),109 min,7.6,68        ,"270,008",$65.21M
982,Gake no ue no Ponyo,(2008),101 min,7.6,86        ,"155,004",$15.09M
983,Die Hard with a Vengeance,(1995),128 min,7.6,58        ,"399,939",$100.01M
984,Searching,(III) (2018),102 min,7.6,71        ,"175,909",$26.02M
985,Rebel Without a Cause,(1955),111 min,7.6,89        ,"95,726",%^%^%^
986,The Last King of Scotland,(2006),123 min,7.6,74        ,"192,848",$17.61M
987,21 Grams,(2003),124 min,7.6,70        ,"242,870",$16.29M
988,The Bridges of Madison County,(1995),135 min,7.6,69        ,"86,411",$71.52M
989,I Am Sam,(2001),132 min,7.6,28        ,"153,434",$40.31M
990,25th Hour,(2002),135 min,7.6,69        ,"182,839",$13.06M
991,Barton Fink,(1991),116 min,7.6,69        ,"126,686",$6.15M
992,The Taking of Pelham One Two Three,(1974),104 min,7.6,68        ,"33,679",$2.49M
993,The Invisible Man,(1933),71 min,7.6,87        ,"38,248",%^%^%^
994,From Here to Eternity,(1953),118 min,7.6,85        ,"49,595",$30.50M
995,Philomena,(2013),98 min,7.6,77        ,"102,687",$37.71M
996,Control,(2007),122 min,7.6,78        ,"67,575",$0.87M
997,Un long dimanche de fiançailles,(2004),133 min,7.6,76        ,"75,215",$6.17M
998,Shine,(1996),105 min,7.6,87        ,"55,804",$35.81M
999,Celda 211,(2009),113 min,7.6,****,"69,725",%^%^%^
